﻿Spotify URI,Track Name,Artist Name,Album Name,Disc Number,Track Number,Track Duration (ms),Added By,Added At
"spotify:track:3xNZP70uRdHJK3lZJ8OfJr","Sundown","Arbour, Aarigod","Sundown","1","1","168740","spotify:user:chillhopmusic","2020-01-21T10:53:32Z"
"spotify:track:4gwxX3tnVF1dIcD8CC1aen","Into The Wind","Blue Wednesday, Magnus Klausen","The Great Escape","1","1","161977","spotify:user:chillhopmusic","2020-01-21T10:53:32Z"
"spotify:track:02MuiqcigT2BXA1hE86lZM","Ocean Patio","Philanthrope, Dayle","Ocean Patio","1","1","149647","spotify:user:chillhopmusic","2020-01-21T10:53:32Z"
"spotify:track:6BwCkzxd3h6eA5xqOUZzUY","Leaves covered by snow","No Spirit","Chillhop Essentials Winter 2019","1","1","184000","spotify:user:chillhopmusic","2020-01-21T10:53:32Z"
"spotify:track:3zBW8HNLcaWxq4eb4UcmDr","Bewildered","Hanz","Leaving For Good","1","1","155887","spotify:user:chillhopmusic","2020-01-21T10:53:32Z"
"spotify:track:4CLzOxY11qwZRUSl3U2mPy","Pale Ale","Brock Berrigan, goosetaf, Kyle McEvoy","Chillhop Essentials Fall 2019","1","17","128000","spotify:user:chillhopmusic","2020-01-21T10:53:32Z"
"spotify:track:5nKSxq2yNgQLtgzqJxPn41","i wish it would never stop snowing","Sleepy Fish","Chillhop Essentials Spring 2019","1","24","196500","spotify:user:chillhopmusic","2020-01-21T10:53:32Z"
"spotify:track:3w1lXjck7zcQaacezavnJw","Protected","Swørn","Escapade","1","2","79710","spotify:user:chillhopmusic","2020-01-21T10:53:32Z"
"spotify:track:18AWTh6fYSU99rWhxsENwa","Searching","Philanthrope, Misha, cocabona, Monma, Louk","Aura","1","1","202985","spotify:user:chillhopmusic","2020-01-21T10:53:32Z"
"spotify:track:1PLPABjQPXvy0YFzopCD4r","Morning Walk","chief.","Chillhop Daydreams 2","1","6","146374","spotify:user:chillhopmusic","2020-01-21T10:53:32Z"
"spotify:track:4u8JJlRQ4WF6XLH5geEiyL","Second Wind","L'Indécis","Second Wind","1","2","180000","spotify:user:chillhopmusic","2020-01-21T10:53:32Z"
"spotify:track:4n6JQTNqJOuvQLys4l11ov","Hope","Ajmw, Arbour","Eternal","1","5","130909","spotify:user:chillhopmusic","2020-01-21T10:53:32Z"
"spotify:track:45Pzdn2ECADA8A0KXm2wdP","Mother Nature","Blue Wednesday, Yasper","The Great Escape","1","4","208988","spotify:user:chillhopmusic","2020-01-21T10:53:32Z"
"spotify:track:1tiICdCXT1Vlnwyg5o2Pph","Something Warm","No Spirit","Reminiscing","1","3","200571","spotify:user:chillhopmusic","2020-01-21T10:53:32Z"
"spotify:track:3hEvCIFZBMRBPBFyxRrj0g","Dusk","Blue Wednesday, Soul Food Horns","The Great Escape","1","5","162371","spotify:user:chillhopmusic","2020-01-21T10:53:32Z"
"spotify:track:0KsccNWGXfrghYCtgporzg","Leaving For Good","Hanz","Leaving For Good","1","2","148146","spotify:user:chillhopmusic","2020-01-21T10:53:32Z"
"spotify:track:0ONn7t8x49V3tOR5ZcIrpf","Your Favorite Place","Joey Pecoraro","Chillhop Essentials Winter 2017","1","4","221536","spotify:user:chillhopmusic","2020-01-21T10:53:32Z"
"spotify:track:5kU9QtibGt2i7PKYoGF3BG","Pick Up","Moods, Yasper","Sofa Stories","1","1","158874","spotify:user:chillhopmusic","2020-01-21T10:53:32Z"
"spotify:track:1lXvU0yu7JfJhaJXvX3V2O","Embers","Blue Wednesday, Aso","The Great Escape","1","6","198904","spotify:user:chillhopmusic","2020-01-21T10:53:32Z"
"spotify:track:0Hb74VU55g7kqIQhuhR7eu","Hibiscus Emoji","Strehlow","Sleep in, Love","1","1","118153","spotify:user:chillhopmusic","2020-01-21T10:53:32Z"
"spotify:track:0obpUpeuJMHvrrQdKfoPV2","Island Boy","Blue Wednesday, Taiyo Ky","The Great Escape","1","2","154590","spotify:user:chillhopmusic","2020-01-21T10:53:32Z"
"spotify:track:1fJKmssGc3E6t7uWNFpzgG","Isolated","Toonorth","Ambedo","1","5","168175","spotify:user:chillhopmusic","2020-01-21T10:53:32Z"
"spotify:track:4DIQbr7iqFaHsw8KkKl47l","Cloud Dance","Blue Wednesday, Ian Ewing","The Great Escape","1","3","178741","spotify:user:chillhopmusic","2020-01-21T10:53:32Z"
"spotify:track:0l5sHFAGJddRC4qAjj3l77","Morning In The Cafe","No Spirit","Reminiscing","1","1","145185","spotify:user:chillhopmusic","2020-01-21T10:53:32Z"
"spotify:track:1uCvWqfM0EeORLSehHrdbA","Goodmorning","Aviino","Plush","1","1","147000","spotify:user:chillhopmusic","2020-01-21T10:53:32Z"
"spotify:track:3JjyMz84W8PVzIcG6RjyEc","Space Cadet","Philanthrope, Sleepy Fish","Chillhop Daydreams 2","1","1","142500","spotify:user:chillhopmusic","2020-01-21T10:53:32Z"
"spotify:track:5HEvQ5GRojeuCV90p3sDXA","Slope","Hanz","Leaving For Good","1","3","120757","spotify:user:chillhopmusic","2020-01-21T10:53:32Z"
"spotify:track:0BMZMHuEd2Ep7FUX8CyFQ3","Midnight Service","Ian Ewing, Toonorth","Chillhop Essentials Winter 2019","1","2","250000","spotify:user:chillhopmusic","2020-01-21T10:53:32Z"
"spotify:track:6CyuMrRhvzDQxUoY406sF4","Forward","Hanz","Leaving For Good","1","4","98295","spotify:user:chillhopmusic","2020-01-21T10:53:32Z"
"spotify:track:2ZA36RgVNIDcy7OF8peEc1","Forest Lake Walk","No Spirit","Reminiscing","1","2","176250","spotify:user:chillhopmusic","2020-01-21T10:53:32Z"
"spotify:track:4uRbgPgLLmqiuMhQnsLBr1","Vibe Vibe","Moods, Yasper","Sofa Stories","1","4","129040","spotify:user:chillhopmusic","2020-01-21T10:53:32Z"
"spotify:track:1UMmJcv2o8D1esaX86ubUC","Slightly Improvised","No Spirit","Reminiscing","1","4","154285","spotify:user:chillhopmusic","2020-01-21T10:53:32Z"
"spotify:track:5zN8uBkwm96Ahhatud8nb1","Melted","Hazy Year, C4C","Chillhop Essentials Winter 2019","1","3","168000","spotify:user:chillhopmusic","2020-01-21T10:53:32Z"
"spotify:track:1CCopFWlWgbwfJn1JGs2Ez","Careless","No Spirit","Reminiscing","1","5","158800","spotify:user:chillhopmusic","2020-01-21T10:53:32Z"
"spotify:track:45GyptlafFnFcICOHweM5I","Demo 13 v2","Moods, Yasper","Sofa Stories","1","3","81000","spotify:user:chillhopmusic","2020-01-21T10:53:32Z"
"spotify:track:1R1b7WJyRm8gt1T7fJLC3T","Nostalgic","junior state","Levitate","1","1","194042","spotify:user:chillhopmusic","2020-01-21T10:53:32Z"
"spotify:track:690gJU9J12d34iZApDmUZq","Zen","Ian Ewing, chromonicci, Philanthrope","Chillhop Essentials Winter 2019","1","4","210000","spotify:user:chillhopmusic","2020-01-21T10:53:32Z"
"spotify:track:4qv0hnIWqV1k1AksEY52RP","Sofa Stories","Moods, Yasper","Sofa Stories","1","2","189250","spotify:user:chillhopmusic","2020-01-21T10:53:32Z"
"spotify:track:2YNqlQdQexW0egXpV7xdy4","Our Adventures","xander.","Found Memories","1","3","175609","spotify:user:chillhopmusic","2020-01-21T10:53:32Z"
"spotify:track:3FjQBmXsNPo7PJC5Ldq5Ph","Drifter","Brock Berrigan, Saib","Chillhop Essentials Winter 2019","1","5","143250","spotify:user:chillhopmusic","2020-01-21T10:53:32Z"
"spotify:track:0jsPu4ssbhytWYb73MPGqh","Smthn Bout U","Ian Ewing","Chillhop Daydreams 2","1","9","181374","spotify:user:chillhopmusic","2020-01-21T10:53:32Z"
"spotify:track:55HuPFpIADZHYlUiYN5SZq","Night Walk","xander.","Found Memories","1","1","210000","spotify:user:chillhopmusic","2020-01-21T10:53:32Z"
"spotify:track:7c2Soj0kfLHJgjEOlxLrYj","Breakfast w Bastien","Moods, Yasper","Sofa Stories","1","5","148500","spotify:user:chillhopmusic","2020-01-21T10:53:32Z"
"spotify:track:2sM0HcVQcFrNJEB6lpVebu","me and my tiger","Allem Iversom","Chillhop Essentials Winter 2019","1","6","197000","spotify:user:chillhopmusic","2020-01-21T10:53:32Z"
"spotify:track:3zVRsxOkOFznMaQtw0IC3j","Wistfulness","xander., WEI","Found Memories","1","2","206582","spotify:user:chillhopmusic","2020-01-21T10:53:32Z"
"spotify:track:3kdF3UOy4t8hXpGLxvzkMh","sopha","Plusma, Von Wegen","Chillhop Essentials Winter 2019","1","7","124000","spotify:user:chillhopmusic","2020-01-21T10:53:32Z"
"spotify:track:1UZPZlb9dGyfawFhcO4v54","Daydream","xander., Wesley Curtis","Found Memories","1","4","176000","spotify:user:chillhopmusic","2020-01-21T10:53:32Z"
"spotify:track:03GCRXkR8Ou7cCe0hcw0f5","From Nothing","fantompower","infinite (i)","1","1","146510","spotify:user:chillhopmusic","2020-01-21T10:53:32Z"
"spotify:track:6oAuzCaEuIwQxKyVEfYtTY","Bain D'été","C Y G N","Chillhop Essentials Winter 2019","1","8","162500","spotify:user:chillhopmusic","2020-01-21T10:53:32Z"
"spotify:track:0nT9RgemFNukgv7tQopGPM","My Love For Her","xander., Wesley Curtis","Found Memories","1","5","156000","spotify:user:chillhopmusic","2020-01-21T10:53:32Z"
"spotify:track:4a3ydEo8oSzI5QCln0lNr9","pretty af","Aves","Chillhop Essentials Winter 2019","1","9","134000","spotify:user:chillhopmusic","2020-01-21T10:53:32Z"
"spotify:track:29FeWn0tBBDluPBgSO08xS","Cloud Neon","fantompower","infinite (i)","1","5","143124","spotify:user:chillhopmusic","2020-01-21T10:53:32Z"
"spotify:track:1kqUg7KtyYaaYXa6P5o1no","warm for the winter","Middle School, Aso","Chillhop Essentials Winter 2019","1","10","162624","spotify:user:chillhopmusic","2020-01-21T10:53:32Z"
"spotify:track:0XTRycTWH8TR2xBEjwByNS","Mindfulness","C Y G N","BODY N SOUL","1","10","168000","spotify:user:chillhopmusic","2020-01-21T10:53:32Z"
"spotify:track:35Q7bYUddUErritRd0HphS","Self Affray","fantompower","infinite (i)","1","7","185000","spotify:user:chillhopmusic","2020-01-21T10:53:32Z"
"spotify:track:3IbuasV0yTjUxwkQwlVKrO","ramona","j'san, Kyle McEvoy","Chillhop Essentials Winter 2019","1","11","184374","spotify:user:chillhopmusic","2020-01-21T10:53:32Z"
"spotify:track:1tRzlG66dK6UHp311JrhDE","My Own World","fantompower","infinite (i)","1","8","141874","spotify:user:chillhopmusic","2020-01-21T10:53:32Z"
"spotify:track:3z0xfckQurvgmTvXxbIr50","no more fires","Sleepy Fish","Chillhop Essentials Winter 2019","1","12","180000","spotify:user:chillhopmusic","2020-01-21T10:53:32Z"
"spotify:track:0mEO13xg3DKnDbNWmwFwK2","Get Up and Go","Aviino","Plush","1","2","125591","spotify:user:chillhopmusic","2020-01-21T10:53:32Z"
"spotify:track:3SxDI6XJumfD8HNggxeGcY","Early Morning","Ruck P","Chillhop Essentials Summer 2019","1","14","217142","spotify:user:chillhopmusic","2020-01-21T10:53:32Z"
"spotify:track:6dxA9YT5joy5YXia447O0z","Where Home Is","fantompower","infinite (i)","1","6","146250","spotify:user:chillhopmusic","2020-01-21T10:53:32Z"
"spotify:track:2fUi9b8VN7fuYd4YuK6yrz","Finding You","dryhope","Chillhop Essentials Winter 2019","1","13","174000","spotify:user:chillhopmusic","2020-01-21T10:53:32Z"
"spotify:track:0mYGSeTfFQU5ZAWaEjAND6","Loved","Aviino","Plush","1","3","171854","spotify:user:chillhopmusic","2020-01-21T10:53:32Z"
"spotify:track:2VDjO21TjXpLLCTu7rHqcx","mozambique","Comodo","Chillhop Essentials Winter 2019","1","14","194000","spotify:user:chillhopmusic","2020-01-21T10:53:32Z"
"spotify:track:5k0MvADsuxZCmFXnN3BSto","Endless Ether","fantompower","infinite (i)","1","4","201874","spotify:user:chillhopmusic","2020-01-21T10:53:32Z"
"spotify:track:1ueE0nzxOBKZcVvlB13lBu","Under Leaves","Mr. Käfer","On The Rhodes","1","1","136750","spotify:user:chillhopmusic","2020-01-21T10:53:32Z"
"spotify:track:0dizD5AU7xMTttvrK9QWnD","Slopes","Philanthrope, Yasper","Chillhop Essentials Winter 2018","1","1","179200","spotify:user:chillhopmusic","2020-01-21T10:53:32Z"
"spotify:track:6j6lpW7HYaGEpXVrNru10v","Quietly, Now","Aviino","Plush","1","4","159000","spotify:user:chillhopmusic","2020-01-21T10:53:32Z"
"spotify:track:3LDeJxuWour2YL6spgUnCr","digital dreams","Knowmadic","Chillhop Essentials Winter 2019","1","15","171500","spotify:user:chillhopmusic","2020-01-21T10:53:32Z"
"spotify:track:3mF7oK77gGzqdrWYEVfQ6B","Landing","dryhope","White Oak","1","2","146997","spotify:user:chillhopmusic","2020-01-21T10:53:32Z"
"spotify:track:2k8mPdmQ26ENQYAHuVu9il","New Day","Philanthrope, Moods, The Field Tapes","Chillhop Essentials Winter 2019","1","16","152000","spotify:user:chillhopmusic","2020-01-21T10:53:32Z"
"spotify:track:3VM8HXAmF2p5z0TLQSs3jh","Slowdrive","Aviino","Plush","1","5","164000","spotify:user:chillhopmusic","2020-01-21T10:53:32Z"
"spotify:track:6HQxtRW3aQcF1QhxVLZaPp","Timezones","Chris Mazuera, Blue Wednesday","Chillhop Essentials Winter 2019","1","17","126000","spotify:user:chillhopmusic","2020-01-21T10:53:32Z"
"spotify:track:0cC1pTC0ySMeouWJG9Arly","Click","Dontcry, Nokiaa","Stray","1","1","151672","spotify:user:chillhopmusic","2020-01-21T10:53:32Z"
"spotify:track:1X9v9B7knRbg9OVhc2K8us","Blur","G Mills, Arbour","Chillhop Essentials Winter 2019","1","18","124000","spotify:user:chillhopmusic","2020-01-21T10:53:32Z"
"spotify:track:3Dq4RMTSYszWsiAwbXhBGp","Dusk","Aviino","Plush","1","6","123000","spotify:user:chillhopmusic","2020-01-21T10:53:32Z"
"spotify:track:2yTj8XO6lMvzHAVlyVhIHK","feelinglow","Melodiesinfonie","Chillhop Essentials Winter 2019","1","19","165500","spotify:user:chillhopmusic","2020-01-21T10:53:32Z"
"spotify:track:3wkZZCqk1XMOab32bWZbUe","Be Alright","weird inside","Be Alright","1","1","120812","spotify:user:chillhopmusic","2020-01-21T10:53:32Z"
"spotify:track:6oULl8RRedvKYX1uolAumz","by & by","Aso","Chillhop Essentials Winter 2019","1","20","234000","spotify:user:chillhopmusic","2020-01-21T10:53:32Z"
"spotify:track:25TFflGw7G84u7jYJoesnf","At Our Core","fantompower","infinite (i)","1","2","115000","spotify:user:chillhopmusic","2020-01-21T10:53:32Z"
"spotify:track:0rT55KfwEzcoxewfNikxxF","pumpkins","less.people","Chillhop Essentials Winter 2019","1","21","152000","spotify:user:chillhopmusic","2020-01-21T10:53:32Z"
"spotify:track:7n2j6zMqFPvomsMjeKwgJY","Sleepwell","Aviino","Plush","1","7","125000","spotify:user:chillhopmusic","2020-01-21T10:53:32Z"
"spotify:track:5Z2AfNZ6s4AFyvNfBGXw1l","June - auv Remix","J.Views, auv","Chillhop Essentials Winter 2019","1","22","266000","spotify:user:chillhopmusic","2020-01-21T10:53:32Z"
"spotify:track:3li3l1xBKV3SYGS6HrNPNy","We Let Go","fantompower","infinite (i)","1","3","155000","spotify:user:chillhopmusic","2020-01-21T10:53:32Z"
"spotify:track:0nPSOTbBfMhXwvOySBxNB0","jam session","Montell Fish","Chillhop Essentials Winter 2019","1","23","154000","spotify:user:chillhopmusic","2020-01-21T10:53:32Z"
"spotify:track:5Qf87pWpBPhHLCODMEB49f","La Plage","C Y G N","Discover","1","8","175770","spotify:user:chillhopmusic","2020-01-21T10:53:32Z"
"spotify:track:4bYXBJesQLB7g3AQB6SH6x","if i leave","SwuM","Chillhop Essentials Winter 2019","1","24","184000","spotify:user:chillhopmusic","2020-01-21T10:53:32Z"
"spotify:track:0GKi4sPErVwTzruhuqoDvb","The Finish Line","Middle School, Mitchel Forman","The Finish Line","1","1","195096","spotify:user:chillhopmusic","2020-01-21T10:53:32Z"
"spotify:track:52IWmLOUfIW2a8dHnMW0Gt","Quiet Mornings","Mr. Käfer","On The Rhodes","1","3","139416","spotify:user:chillhopmusic","2020-01-21T10:53:32Z"
"spotify:track:6HYjx8HFtR0kOGEycaQjo3","Never Forget","B-Side","Chillhop Daydreams 2","1","14","164708","spotify:user:chillhopmusic","2020-01-21T10:53:32Z"
"spotify:track:6rYOHqZFPyXZvHmZExhffU","Blue Skys","Mr. Käfer, Gavin Lord","On The Rhodes","1","4","191750","spotify:user:chillhopmusic","2020-01-21T10:53:32Z"
"spotify:track:3lpJnTcQ88VKeFskvuGYcN","Ocean Drive","C Y G N","Discover","1","1","189562","spotify:user:chillhopmusic","2020-01-21T10:53:32Z"
"spotify:track:7f13FFDArSEbjc5THYfUgj","Birdbath","Flovry","Chillhop Daydreams 2","1","8","168250","spotify:user:chillhopmusic","2020-01-21T10:53:32Z"
"spotify:track:34gU3Ma8rsliHYJJs3ZQQI","223°","Mr. Käfer, Makkako","On The Rhodes","1","5","159624","spotify:user:chillhopmusic","2020-01-21T10:53:32Z"
"spotify:track:3HpmfWNinvhJI3Urh14f4q","Pastel Plains","fantompower, Barnes Blvd.","Chillhop Daydreams 2","1","17","181000","spotify:user:chillhopmusic","2020-01-21T10:53:32Z"
"spotify:track:4X2OQVrcnf7RQHPkhVrypr","Sun Sets","Mr. Käfer","On The Rhodes","1","6","153500","spotify:user:chillhopmusic","2020-01-21T10:53:32Z"
"spotify:track:1RrKWQrGdM7Z6LJlisuzX1","Envision","dryhope","White Oak","1","3","139677","spotify:user:chillhopmusic","2020-01-21T10:53:32Z"
"spotify:track:1dbACV62UWKzZfHy8PMKLW","Bus Taxi","Mr. Käfer, Remus Loopin","On The Rhodes","1","7","156000","spotify:user:chillhopmusic","2020-01-21T10:53:32Z"
"spotify:track:4XoshYgwDPPoTd85GxZPnD","Focus","dryhope","White Oak","1","4","123333","spotify:user:chillhopmusic","2020-01-21T10:53:32Z"
"spotify:track:5h1c8sxwelU7WAivQ6Xs2B","Subaquatic","Mr. Käfer, Makkako","On The Rhodes","1","8","178000","spotify:user:chillhopmusic","2020-01-21T10:53:32Z"
"spotify:track:1GlQm4YTsfecRx5cKApfvw","Make You Hers","Psalm Trees, Guillaume Muschalle","Céleste","1","2","122857","spotify:user:chillhopmusic","2020-01-21T10:53:32Z"
"spotify:track:6McycWxhOT2QgzczOIT3RD","Moon","Monma, Misha","Aura","1","3","179536","spotify:user:chillhopmusic","2020-01-21T10:53:32Z"
"spotify:track:4rjH9gyEn2X4dj67kjTzxu","One Reason","dryhope","White Oak","1","1","181188","spotify:user:chillhopmusic","2020-01-21T10:53:32Z"
"spotify:track:18x0jVPgV0lfpxDX5CTqsx","Celebrations","Mr. Käfer, Makkako","On The Rhodes","1","2","157124","spotify:user:chillhopmusic","2020-01-21T10:53:32Z"
"spotify:track:1kY8bUi60zZxbVwNK3aFFH","Let's Forget Things We Said","C Y G N","Discover","1","3","175500","spotify:user:chillhopmusic","2020-01-21T10:53:32Z"
"spotify:track:4cqQUn64txt20Wgz28yl2i","White Oak","dryhope","White Oak","1","5","118874","spotify:user:chillhopmusic","2020-01-21T10:53:32Z"
"spotify:track:5CKM2ikjVTa6Y8bX6jKsar","Private Island","Strehlow","Sleep in, Love","1","4","103087","spotify:user:chillhopmusic","2020-01-21T10:53:32Z"
"spotify:track:6P2QhqPjwompubGtRyN7Kp","Levitate","junior state","Levitate","1","3","175945","spotify:user:chillhopmusic","2020-01-21T10:53:32Z"
"spotify:track:1aeTr5rN9suNZU3wbxmRDM","Effervescent","Toonorth","Ambedo","1","3","137142","spotify:user:chillhopmusic","2020-01-21T10:53:32Z"
"spotify:track:1yrZp8B0mLT18RuZccaDBJ","Perspective","Barnes Blvd.","Chillhop Daydreams","1","6","100250","spotify:user:chillhopmusic","2020-01-21T10:53:32Z"
"spotify:track:42GhletESlrhyhtFkjkf6Q","Voyage","Leavv","Mind Garden","1","2","139275","spotify:user:chillhopmusic","2020-01-21T10:53:32Z"
"spotify:track:1oAZDPOn9Pz3980GjdjxOi","Indelible","Oddfish","Indelible","1","1","139604","spotify:user:chillhopmusic","2020-01-21T10:53:32Z"
"spotify:track:0rP97QmzKcTCQedkOKk4EI","Foggy Road","Toonorth","Ambedo","1","6","162077","spotify:user:chillhopmusic","2020-01-21T10:53:32Z"
"spotify:track:3EB629GKclrdBBMJStxs6y","Sunsets","Aso","Chillhop Essentials Spring 2019","1","6","177312","spotify:user:chillhopmusic","2020-01-21T10:53:32Z"
"spotify:track:3hHlNvlnK6MUo4wuX0JLKN","LuvnYou","Ian Ewing","LuvnYou","1","1","194728","spotify:user:chillhopmusic","2020-01-21T10:53:32Z"
"spotify:track:4k6rcq6XuJqlTfzpUxQvLn","Remember","Miscél","Chillhop Daydreams 2","1","16","105500","spotify:user:chillhopmusic","2020-01-21T10:53:32Z"
"spotify:track:5SOAzRfYOgpPxoxaUgZO0M","Tin Toys","Dontcry, Nokiaa","Stray","1","3","139839","spotify:user:chillhopmusic","2020-01-21T10:53:32Z"
"spotify:track:3Cmt7jCwSdroaNwCgif7BJ","Purple","Dontcry, Nokiaa","Stray","1","2","113868","spotify:user:chillhopmusic","2020-01-21T10:53:32Z"
"spotify:track:0LQZCArvqeZ66fW557Cbi0","Still Shining","Badsummer","Chillhop Essentials Summer 2017","1","10","141000","spotify:user:chillhopmusic","2020-01-21T10:53:32Z"
"spotify:track:08lctzE8dgIbSfyz84XHNr","I Wish I Could Sleep","Nymano","Chillhop Essentials Winter 2016","1","7","119754","spotify:user:chillhopmusic","2020-01-21T10:53:32Z"
"spotify:track:18NBwccM1sFW7t1lixlBHN","Driftwood","Leavv","Chillhop Essentials Summer 2019","1","23","163571","spotify:user:chillhopmusic","2020-01-21T10:53:32Z"
"spotify:track:2ejrXG08bdaG1bVvHkJwz9","Eastway","Dontcry, Nokiaa","Stray","1","4","146666","spotify:user:chillhopmusic","2020-01-21T10:53:32Z"
"spotify:track:37Ir6FaqKdRxH6slYwMjC9","The Oldest Man In The Room","Yasper, Louk","Build","1","7","216000","spotify:user:chillhopmusic","2020-01-21T10:53:32Z"
"spotify:track:2lLdlshOROCDbFedbUhoPQ","Lower East Late Summer","auv","Chillhop Daydreams 2","1","24","233500","spotify:user:chillhopmusic","2020-01-21T10:53:32Z"
"spotify:track:0OCblqLsoKvZqUgyoAs99x","Spring","Miscél, Swørn","The Other Side","1","4","124000","spotify:user:chillhopmusic","2020-01-21T10:53:32Z"
"spotify:track:69wc8OGGiA65yNUNXo1XcX","Rain","Psalm Trees, Guillaume Muschalle","Céleste","1","1","151898","spotify:user:chillhopmusic","2020-01-21T10:53:32Z"
"spotify:track:6ICQOFb9qCzkof47bvssBk","Bistro (Intro)","Plusma","Chillhop Raw Cuts","1","1","135000","spotify:user:chillhopmusic","2020-01-21T10:53:32Z"
"spotify:track:2DaU2kOcKjmml94D9EFYZE","what will you do?","less.people","self reflection","1","1","186370","spotify:user:chillhopmusic","2020-01-21T10:53:32Z"
"spotify:track:7bXZgpxlT5NVHwfF5tVPGZ","Kakuna","glue70","Chillhop Raw Cuts","1","2","128181","spotify:user:chillhopmusic","2020-01-21T10:53:32Z"
"spotify:track:1cL8Uwf50RQTjNNrsRe1cX","Lazy French Beagles","Psalm Trees, Guillaume Muschalle","Chillhop Daydreams 2","1","22","168000","spotify:user:chillhopmusic","2020-01-21T10:53:32Z"
"spotify:track:4bG8pVAD9BA3S8qFeRvVYZ","Twrk","Tesk","Spotless Minds","1","5","152987","spotify:user:chillhopmusic","2020-01-21T10:53:32Z"
"spotify:track:2fe48P5TPtwvF8DqaKY3Cu","The Gentle Instrumental","Ol' Burger Beats","Chillhop Essentials Summer 2016","1","17","155525","spotify:user:chillhopmusic","2020-01-21T10:53:32Z"
"spotify:track:4OQCm6H7cjrXbcgRYvKtyN","Freedom","Juan Rios","Chillhop Raw Cuts","1","7","166118","spotify:user:chillhopmusic","2020-01-21T10:53:32Z"
"spotify:track:1D6H7ijYv3UR7qMOBbYlvd","Woodnot","Shopan","Chillhop Essentials Fall 2019","1","2","212177","spotify:user:chillhopmusic","2020-01-21T10:53:32Z"
"spotify:track:1ariGca9tDr53GZJ0NF0lU","Love","Miscél","The Other Side","1","2","100000","spotify:user:chillhopmusic","2020-01-21T10:53:32Z"
"spotify:track:3K5Gqh7UtYJp8MYaAIMWqd","Céleste","Psalm Trees, Guillaume Muschalle","Céleste","1","3","144905","spotify:user:chillhopmusic","2020-01-21T10:53:32Z"
"spotify:track:0AwirBt6pSC9z4WSH7aWG3","Missing You","C Y G N","Discover","1","5","117500","spotify:user:chillhopmusic","2020-01-21T10:53:32Z"
"spotify:track:4P8318IOqOxFGQhdUUeRw2","Oceans","Miscél","The Other Side","1","3","80000","spotify:user:chillhopmusic","2020-01-21T10:53:32Z"
"spotify:track:31WTCazn7ReY8pGpcWzfOZ","landrace","invention_","landrace","1","1","146000","spotify:user:chillhopmusic","2020-01-21T10:53:32Z"
"spotify:track:3XF607DG65rCl2tPoTSxW6","Clouds","Miscél, Hanz","The Other Side","1","1","125000","spotify:user:chillhopmusic","2020-01-21T10:53:32Z"
"spotify:track:5c2YD738H9Jwmfw44J2N2g","Sombre","Psalm Trees, Guillaume Muschalle","Céleste","1","4","155844","spotify:user:chillhopmusic","2020-01-21T10:53:32Z"
"spotify:track:18otUbtXQEwhOa1UqM89U3","Birds","Misha, Monma","Aura","1","9","173812","spotify:user:chillhopmusic","2020-01-21T10:53:32Z"
"spotify:track:1k5E9ztZXfO2pY5ly73shO","for when it's warmer","Sleepy Fish","Chillhop Essentials Summer 2019","1","2","216428","spotify:user:chillhopmusic","2020-01-21T10:53:32Z"
"spotify:track:2fS7CFYQU7GIHqWNZJoyKl","Woods","Miscél","The Other Side","1","5","108250","spotify:user:chillhopmusic","2020-01-21T10:53:32Z"
"spotify:track:5fK0ahkenFhmXnzrNm7G7F","Poke Date","Strehlow, Ian Ewing","Chillhop Essentials Spring 2019","1","16","131000","spotify:user:chillhopmusic","2020-01-21T10:53:32Z"
"spotify:track:6mCDqttlC1WT60sS1sgiV6","Davita","Kyle McEvoy, Stan Forebee","Bloom","1","1","115535","spotify:user:chillhopmusic","2020-01-21T10:53:32Z"
"spotify:track:6u75w721lUNNuXcV9ywpD1","Onteora Lake","Kyle McEvoy, Stan Forebee","Bloom","1","2","120833","spotify:user:chillhopmusic","2020-01-21T10:53:32Z"
"spotify:track:5o2taz4VowbgdqKg6VC3gE","Cambria","Ian Ewing","Always Home","1","1","175617","spotify:user:chillhopmusic","2020-01-21T10:53:32Z"
"spotify:track:6tdYNXT46vIsU3qkAWCZUj","Homecoming","Kyle McEvoy, Stan Forebee","Bloom","1","5","188992","spotify:user:chillhopmusic","2020-01-21T10:53:32Z"
"spotify:track:0MDxi9pB8WhAN0CowRHxOf","Sand Under My Feet","SAINT WKND, No Spirit","Chillhop Essentials Summer 2019","1","17","231428","spotify:user:chillhopmusic","2020-01-21T10:53:32Z"
"spotify:track:0iifYU68jMUJOXZBDOy1RN","Astro Love","C Y G N","Discover","1","10","192500","spotify:user:chillhopmusic","2020-01-21T10:53:32Z"
"spotify:track:0YUlUyJ0wNr0dOuhWq5sPH","Bloom","Kyle McEvoy, Stan Forebee","Bloom","1","4","182874","spotify:user:chillhopmusic","2020-01-21T10:53:32Z"
"spotify:track:31pi9SBCbZdzkNbbtZ61UM","Belly Breathing","Birocratic","Chillhop Essentials Fall 2018","1","1","172584","spotify:user:chillhopmusic","2020-01-21T10:53:32Z"
"spotify:track:0E8IUQ6U20nbu7ErUSQWEE","Drive Home","Shy Cope","Drive Home","1","1","133531","spotify:user:chillhopmusic","2020-01-21T10:53:32Z"
"spotify:track:4ioIoCW5zpdqHM1HUiZvJ3","Action","Allem Iversom","Notes","1","1","154450","spotify:user:chillhopmusic","2020-01-21T10:53:32Z"
"spotify:track:4bXePAIKpIsJn76EMNIoW0","Memories.","chromonicci","Chillhop Essentials Fall 2019","1","3","186333","spotify:user:chillhopmusic","2020-01-21T10:53:32Z"
"spotify:track:1gOdqsAxMgkhIOM8LkuHXj","Tumble's Lullaby","Kyle McEvoy, Stan Forebee","Bloom","1","3","212695","spotify:user:chillhopmusic","2020-01-21T10:53:32Z"
"spotify:track:6jInavnstNIC9tjcKPKcUI","Procrastinating","Sleepy Fish","My Room Becomes The Sea","1","1","185500","spotify:user:chillhopmusic","2020-01-21T10:53:32Z"
"spotify:track:6ERATF7nIRg18tqGvSAORn","Know About It","C Y G N","Discover","1","2","168500","spotify:user:chillhopmusic","2020-01-21T10:53:32Z"
"spotify:track:1eYTN19ZXz0i9iuIX2TD5U","Wildflower","Joe Corfield","Chillhop Essentials Spring 2018","1","17","147583","spotify:user:chillhopmusic","2020-01-21T10:53:32Z"
"spotify:track:6xZWNYuoNPDOJnH8ez4Ydc","Vibin' Out","Ruck P","Vibin' Out","1","1","227500","spotify:user:chillhopmusic","2020-01-21T10:53:32Z"
"spotify:track:0Ueq7HrYgIzQ8wcIW6Duzg","Levitating","invention_","Chillhop Essentials Spring 2019","1","17","179500","spotify:user:chillhopmusic","2020-01-21T10:53:32Z"
"spotify:track:2B2DoTt6xuP1NrR7pKZBR8","Hideout","Tesk","Hideout","1","1","131443","spotify:user:chillhopmusic","2020-01-21T10:53:32Z"
"spotify:track:7BEA0aIXF1nTvOK9zVcVkm","Interstellar","Arbour, drkmnd","Interstellar","1","1","164800","spotify:user:chillhopmusic","2020-01-21T10:53:32Z"
"spotify:track:7xbg6rwijiTcND5Rv0k64P","Distant Travels","Smeyeul.","Distant Travels","1","1","156500","spotify:user:chillhopmusic","2020-01-21T10:53:32Z"
"spotify:track:3sGCaVqwZy1TlnA993xGuk","Reminisce","goosetaf, HM Surf","Migration","1","3","155492","spotify:user:chillhopmusic","2020-01-21T10:53:32Z"
"spotify:track:3oQPMwQ6eoAdfYmLSV54DW","Cypress","Middle School, Aso","Chillhop Essentials Fall 2019","1","1","210000","spotify:user:chillhopmusic","2020-01-21T10:53:32Z"
"spotify:track:3bPsHHJ6EL2xZSflLsIve3","Tiny Sailboat","Kupla","Coniferous","1","1","150882","spotify:user:chillhopmusic","2020-01-21T10:53:32Z"
"spotify:track:4Aok41Zz86CM9073eLfOpF","Move Together","Yasper","Chillhop Essentials Fall 2019","1","4","202374","spotify:user:chillhopmusic","2020-01-21T10:53:32Z"
"spotify:track:19HUPoD43krRBjcF5XzFHn","Dandelion","Sleepy Fish","My Room Becomes The Sea","1","5","144500","spotify:user:chillhopmusic","2020-01-21T10:53:32Z"
"spotify:track:0Z2QIzFfHpWrDdZGdQltbm","Longwayhome","Fenick, Delayde","Chillhop Essentials Fall 2019","1","5","128750","spotify:user:chillhopmusic","2020-01-21T10:53:32Z"
"spotify:track:2vuLi6xjzvK3idG8EwHVbJ","Companion","C4C, Leavv","Chillhop Daydreams 2","1","3","150000","spotify:user:chillhopmusic","2020-01-21T10:53:32Z"
"spotify:track:5klm8QNzuhTOBeEIWhyWPT","Broken Clocks","Sleepy Fish","My Room Becomes The Sea","1","6","228750","spotify:user:chillhopmusic","2020-01-21T10:53:32Z"
"spotify:track:7aUgl6Fm3L20V0xGg9PkAX","Rockaway 5pm","auv","Chillhop Essentials Fall 2019","1","6","164500","spotify:user:chillhopmusic","2020-01-21T10:53:32Z"
"spotify:track:73dlzGP7irXmDW4QsiRJSt","Midnight","Ian Ewing, Braxton Cook","Always Home","1","2","220312","spotify:user:chillhopmusic","2020-01-21T10:53:32Z"
"spotify:track:3j35aIwA15nhEmcT1iUpzL","Aires","sadtoi","Chillhop Essentials Fall 2019","1","7","200000","spotify:user:chillhopmusic","2020-01-21T10:53:32Z"
"spotify:track:7EvrNIE8EEgBUhtARbKk0H","Mighty","junior state","Levitate","1","2","167142","spotify:user:chillhopmusic","2020-01-21T10:53:32Z"
"spotify:track:2TZ7LIRqsJyfB2DYqb3H8L","Coffee Break","Ruck P","Chillhop Essentials Fall 2019","1","9","210124","spotify:user:chillhopmusic","2020-01-21T10:53:32Z"
"spotify:track:5zEsGtsZzKhVWSAerDfoSD","Forgot It Was Monday","Sleepy Fish","My Room Becomes The Sea","1","2","158048","spotify:user:chillhopmusic","2020-01-21T10:53:32Z"
"spotify:track:4MlCNuD23c2SoMkbGeBs6w","Droplet","Kupla","Coniferous","1","2","143338","spotify:user:chillhopmusic","2020-01-21T10:53:32Z"
"spotify:track:1tS0eIgirDFLk68hHFv7Oq","Haze","G Mills, Kyle McEvoy","Chillhop Essentials Fall 2019","1","8","183124","spotify:user:chillhopmusic","2020-01-21T10:53:32Z"
"spotify:track:0qbAa8z7qp7QTzJqV9eX8F","Like I Am","Ian Ewing","Always Home","1","3","195390","spotify:user:chillhopmusic","2020-01-21T10:53:32Z"
"spotify:track:4pI7VTiN59CZnGJUgVZPoy","Murmuration","Blue Wednesday, Shopan","Chillhop Essentials Spring 2019","1","1","156000","spotify:user:chillhopmusic","2020-01-21T10:53:32Z"
"spotify:track:5KyOfjz2WFdGj97airzbA7","Meaux","Ian Ewing","Always Home","1","5","251279","spotify:user:chillhopmusic","2020-01-21T10:53:32Z"
"spotify:track:37Y8YdbkrWFo4E7adbmxAk","Simplicity","L'Indécis","Chillhop Essentials Fall 2019","1","10","138500","spotify:user:chillhopmusic","2020-01-21T10:53:32Z"
"spotify:track:0ATh7cJ3jq07hhi3txH1yx","Through Walls","Sleepy Fish","My Room Becomes The Sea","1","3","170000","spotify:user:chillhopmusic","2020-01-21T10:53:32Z"
"spotify:track:420FhBi2yV196zF6tgqmAx","Railways","Sleepy Fish","My Room Becomes The Sea","1","7","180500","spotify:user:chillhopmusic","2020-01-21T10:53:32Z"
"spotify:track:6lZuxJZ0CV0HUjmKW04yjJ","Moss","Kupla","Coniferous","1","4","140000","spotify:user:chillhopmusic","2020-01-21T10:53:32Z"
"spotify:track:6BXXblmpCpFUW7KhxctSjk","Wandering At Night","Epektase, Nymano","Chillhop Essentials Fall 2019","1","11","144000","spotify:user:chillhopmusic","2020-01-21T10:53:32Z"
"spotify:track:0EgjN5H3ExDRLbewY8FXQU","Never Felt The Same","Sleepy Fish","My Room Becomes The Sea","1","4","198000","spotify:user:chillhopmusic","2020-01-21T10:53:32Z"
"spotify:track:73CQoxfNSsnXV8q8WpsxIY","Butterfly","Swørn","Escapade","1","1","162673","spotify:user:chillhopmusic","2020-01-21T10:53:32Z"
"spotify:track:4JUKsINwgW3XuqNL1jGglh","Yeah","Monma","Chillhop Essentials Fall 2019","1","12","140500","spotify:user:chillhopmusic","2020-01-21T10:53:32Z"
"spotify:track:2AqjABv8xBA4rKXv2mtKug","Ease Out","Ajmw","Eternal","1","1","141818","spotify:user:chillhopmusic","2020-01-21T10:53:32Z"
"spotify:track:53nWVwyUusUwNuDPy25ICN","Beavis Pt. 1","Philanthrope","Chillhop Essentials Fall 2019","1","14","110520","spotify:user:chillhopmusic","2020-01-21T10:53:32Z"
"spotify:track:1wH6Xf0i73tcGA96syNKKN","Our Reflection","Sleepy Fish","My Room Becomes The Sea","1","8","167000","spotify:user:chillhopmusic","2020-01-21T10:53:32Z"
"spotify:track:0PNtnQP8IzWc2TTchaV96I","Sorry","Swørn","Chillhop Essentials Fall 2019","1","13","139624","spotify:user:chillhopmusic","2020-01-21T10:53:32Z"
"spotify:track:3JdcRs53aBDG20OiPBJO9g","Yesterday","chief.","Chillhop Daydreams","1","2","154124","spotify:user:chillhopmusic","2020-01-21T10:53:32Z"
"spotify:track:0kypdPGzA3WiR7voq9Tg3q","Rucker Park","Ian Ewing","Always Home","1","4","153785","spotify:user:chillhopmusic","2020-01-21T10:53:32Z"
"spotify:track:6YNgJyZedfd8t0fTZ0K2Pg","Quietly","blnkspc_","Quietly","1","1","157601","spotify:user:chillhopmusic","2020-01-21T10:53:32Z"
"spotify:track:4yFKdrYav9741hVAiPicHQ","Coastal Town","Kupla","Coniferous","1","3","155354","spotify:user:chillhopmusic","2020-01-21T10:53:32Z"
